z,y,x,idx
100.63098,364.62064,519.0161,0
0.0,0.0,259.09497,1
0.0,0.0,363.48422,2
0.0,11.977435,254.70044,3
0.0,117.06509,254.37268,4
0.0,335.9971,251.44476,5
0.0,615.06195,285.67883,6
1.7584718,636.6394,242.25755,7
0.948573,647.2423,244.84193,8
0.0,649.9523,289.42892,9
0.0,662.9993,292.99896,10
0.0,693.6509,295.0921,11
4.25623,0.032474138,297.19016,12
3.9999626,0.0,315.99707,13
4.5169334,0.0,329.44418,14
3.9694314,14.667337,275.76108,15
4.067367,535.29913,249.07529,16
4.161876,590.1514,248.72218,17
4.1188917,604.41974,246.65793,18
4.3766966,613.42535,270.54565,19
3.9999816,624.4766,246.99886,20
4.5285974,659.6858,272.90387,21
4.0500126,700.82776,268.8057,22
5.41635,7.881637,291.80707,23
4.902394,13.765828,268.66245,24
4.998242,117.00136,264.95276,25
5.288529,336.32983,262.37717,26
5.1411643,564.8416,253.73404,27
4.3276687,637.2127,251.16359,28
5.2539506,647.0364,254.39978,29
4.954382,671.02386,254.28717,30
4.496189,680.50476,247.57661,31
5.063607,688.94037,279.472,32
5.312198,694.63617,282.06573,33
4.767616,701.12787,273.00577,34
5.949269,533.86084,273.79626,35
6.3439193,595.2003,275.07645,36
6.2126245,621.9565,275.30215,37
6.056502,669.68823,277.43298,38
6.2007675,1.0893316,274.82355,39
7.247561,236.72443,270.7911,40
6.670966,350.85397,347.22934,41
7.0426035,360.3328,339.4188,42
6.488737,546.8162,274.59195,43
6.48653,607.4963,258.17392,44
8.450643,475.8362,394.94376,45
8.078568,92.0712,275.47223,46
8.760072,188.51088,274.21875,47
8.7115345,453.8365,276.75293,48
8.4965,490.5212,310.68365,49
8.291917,520.34393,280.31277,50
7.87,640.68823,260.46637,51
8.693483,659.89044,261.96863,52
8.951549,702.9996,292.30197,53
10.608655,0.0,305.83395,54
9.731292,9.1438055,294.75488,55
9.691192,167.28511,276.45276,56
10.172299,419.9597,276.78284,57
8.9811735,616.2047,263.25916,58
10.130922,657.8548,281.63464,59
9.790021,693.1327,261.87775,60
11.56845,123.7438,281.1781,61
11.247363,333.7792,337.13986,62
11.138154,400.93414,295.77945,63
10.770291,537.175,267.8437,64
9.58846,544.6393,268.0652,65
11.468047,562.3708,267.73355,66
12.899332,631.9256,281.19073,67
10.472963,647.9244,265.84174,68
11.59191,0.0,299.49652,69
12.500534,81.51588,283.484,70
11.498205,198.99954,278.49792,71
12.43951,0.0,333.81985,72
13.214159,113.52652,283.49585,73
13.454919,198.78069,302.77902,74
12.752234,500.62326,303.43066,75
12.678191,582.05457,268.57516,76
14.329257,317.56958,340.42044,77
14.3414755,348.7169,290.4717,78
13.679476,434.2725,282.24646,79
13.645897,467.36258,301.61563,80
13.298634,484.33044,300.93787,81
12.983928,514.5218,283.64175,82
14.722613,0.0,317.10736,83
14.938639,99.28073,286.17914,84
14.646962,209.05392,283.40854,85
15.087853,308.55203,380.47556,86
15.237779,416.75082,412.75183,87
15.3389,459.1393,282.6276,88
14.387406,543.984,320.5482,89
15.177044,670.0638,287.16937,90
15.576716,173.4862,284.59323,91
16.539148,188.60892,285.02396,92
16.489534,242.76436,316.12402,93
15.538343,402.37756,291.19662,94
15.840316,438.2316,305.51358,95
15.662136,493.65875,284.38696,96
15.842861,610.7325,270.9888,97
17.003304,658.2318,274.51724,98
15.906744,694.15,272.55267,99
17.93879,146.75816,305.9516,100
17.369207,204.92859,312.7086,101
17.967537,227.67816,289.18454,102
18.071745,416.1452,292.61417,103
17.689035,504.55276,289.8441,104
18.391178,582.3435,277.9904,105
18.51473,597.99866,345.49344,106
19.364326,159.99945,310.32013,107
18.854301,298.13147,343.03207,108
18.391825,359.49814,409.22534,109
18.975769,522.6448,278.5953,110
18.355433,535.01117,283.55618,111
19.181759,545.5329,294.7233,112
18.605175,563.0906,314.0928,113
19.46393,668.4942,278.46924,114
20.192873,697.2694,276.32346,115
19.653313,15.256777,303.465,116
20.219366,291.99945,388.44254,117
22.28441,556.39703,289.65247,118
19.579445,592.17456,286.59576,119
19.54123,618.8094,287.59717,120
20.481121,73.77408,296.84396,121
21.604944,102.58752,299.13495,122
20.718102,279.86438,369.32916,123
20.502111,517.1387,291.17535,124
22.477934,528.4811,294.4184,125
22.19205,197.13141,322.71545,126
21.809238,246.94858,295.8271,127
21.9998,428.9961,294.9973,128
22.268667,445.18048,297.11844,129
21.001453,563.38477,285.9387,130
22.545458,613.75525,347.48187,131
22.594156,636.4794,292.9391,132
22.195251,700.30273,294.92484,133
23.211136,165.76273,319.33704,134
23.234806,234.13402,333.98886,135
22.999784,328.99692,300.9972,136
23.385735,577.8116,290.1236,137
23.51148,631.3398,329.3207,138
23.43367,0.0,328.99863,139
23.510542,507.4192,295.26672,140
24.010729,664.5602,293.99496,141
24.622488,0.0,342.7649,142
24.84619,605.89276,362.1738,143
25.133888,637.4095,323.9984,144
25.482965,640.9975,299.99884,145
24.720646,671.0251,290.99802,146
25.495752,449.93512,299.85367,147
25.444921,476.79947,298.75903,148
26.054258,702.45734,288.96213,149
27.25302,0.0,355.72632,150
26.866688,184.03648,330.2771,151
26.659208,588.3727,381.66,152
27.612562,111.24884,306.31302,153
27.999731,597.99426,382.9963,154
27.705276,654.7725,296.807,155
28.53745,177.53127,306.28937,156
28.713818,236.99922,351.381,157
28.492258,312.32614,305.24744,158
29.042776,409.31912,303.2347,159
28.81128,474.63412,442.47754,160
29.05741,663.5381,319.42477,161
29.99908,296.5247,308.16708,162
30.70317,542.55835,300.63474,163
31.376265,8.716331,311.28748,164
31.506495,212.99951,310.44327,165
30.962152,226.51945,310.10394,166
30.999733,632.99457,361.9969,167
30.713978,676.97253,299.57117,168
30.563904,695.95526,298.62387,169
31.892984,469.07114,456.09625,170
32.38921,249.751,312.59912,171
33.501877,89.143684,315.96948,172
32.82464,110.3893,317.79263,173
34.086174,155.49146,315.2749,174
34.07153,283.74246,314.29565,175
34.21379,610.4691,385.08676,176
34.281033,678.5368,327.89218,177
34.776775,0.0,329.12842,178
34.438683,180.78543,316.63782,179
34.827312,274.0632,315.71793,180
35.514484,81.21933,320.51672,181
35.64607,405.66345,311.1768,182
36.276955,619.4795,308.81055,183
37.32775,220.87566,320.09573,184
36.50051,329.1228,315.27997,185
37.733006,132.11815,336.30414,186
37.99961,381.99606,317.99673,187
37.95655,507.16043,310.90384,188
38.366764,597.25867,406.68158,189
38.38045,653.0995,309.28897,190
38.46843,659.9657,356.61887,191
39.0158,159.99968,345.94733,192
39.075943,539.1549,312.10657,193
39.99608,145.00404,324.11264,194
39.607582,165.49957,323.43784,195
40.23352,302.36404,336.3659,196
41.092495,602.2219,313.15842,197
39.674004,611.99817,392.35522,198
41.355927,140.64473,325.90604,199
41.203075,585.77924,417.50284,200
41.77486,184.2522,326.98038,201
43.844097,0.0,352.67856,202
42.97191,196.37976,329.0863,203
43.215458,312.89294,326.31235,204
43.305363,541.3244,318.94818,205
44.10481,337.13452,326.23645,206
44.09486,593.1473,415.26996,207
45.29501,319.48407,427.52017,208
45.525112,368.29288,328.23193,209
44.99109,585.7754,320.62476,210
44.763435,655.4808,318.18503,211
46.0766,118.24323,334.24966,212
45.3214,202.55537,331.6105,213
46.29745,434.61526,326.62787,214
45.717667,560.89557,322.4965,215
45.81749,625.2796,391.0931,216
47.152588,99.39962,341.00156,217
46.625217,573.5121,435.6322,218
47.178383,578.6482,324.19876,219
48.670208,343.57172,344.95685,220
47.999836,351.6611,404.7043,221
48.220844,682.5312,356.62488,222
47.565117,683.9803,321.466,223
49.414577,345.2387,334.19684,224
49.07289,360.29102,335.12225,225
49.59764,486.58582,330.53503,226
50.18796,211.39526,339.47205,227
50.306847,461.48224,331.6546,228
51.135166,239.98157,342.071,229
51.15715,586.4958,330.34653,230
51.263775,702.9998,328.5605,231
51.741333,328.64053,337.83035,232
51.48491,442.92303,334.5595,233
52.825157,295.3085,342.1518,234
53.955494,636.2626,332.3804,235
54.25352,167.825,345.56442,236
54.499268,282.9793,353.94354,237
55.424446,352.81177,344.38202,238
54.814613,499.1679,337.2842,239
54.448326,544.9341,338.80783,240
55.002445,629.7216,333.64877,241
56.131706,421.50974,462.8338,242
56.184925,602.5452,420.7035,243
56.51903,615.99274,337.9264,244
55.84963,660.7135,377.03052,245
55.97761,664.8439,335.1301,246
55.62329,675.7681,336.55554,247
56.333393,148.62831,351.2425,248
56.860905,277.12698,349.67816,249
56.72515,416.1934,343.63898,250
56.66236,433.60126,364.77145,251
57.14472,340.25717,346.72223,252
58.429115,20.882248,361.56497,253
58.826958,489.5112,347.0361,254
59.391125,501.6964,348.77347,255
59.094467,545.47,344.1182,256
59.988773,217.57822,356.84683,257
59.449757,627.5033,342.79434,258
60.36845,646.50616,342.9548,259
60.44442,107.45712,356.85724,260
61.388214,242.92227,357.7378,261
60.365234,388.0327,351.99222,262
61.028816,629.21204,403.29193,263
61.014698,185.07947,357.0146,264
61.979626,394.88885,387.07385,265
61.986176,468.62305,353.6037,266
62.381813,575.56555,348.09012,267
62.205887,607.4717,348.6212,268
63.149475,128.45216,361.9659,269
62.79544,140.72469,360.9291,270
62.51364,364.041,353.5693,271
63.15527,544.3562,465.83408,272
63.396255,635.87024,401.01093,273
64.03108,296.2554,360.48843,274
64.04704,350.2691,356.92432,275
64.216774,599.06934,429.24396,276
64.67738,537.71796,353.17764,277
66.14874,439.50485,382.12033,278
66.16172,550.4057,356.60043,279
65.91753,590.1181,437.24304,280
65.57144,594.6882,354.06433,281
65.61917,656.972,349.4648,282
66.660835,262.34518,363.99866,283
66.31929,377.10547,361.21115,284
66.28986,668.05945,352.91452,285
66.44911,678.4327,350.92102,286
68.03501,132.25146,369.72623,287
68.15485,577.96814,356.4223,288
69.06331,333.5363,365.4652,289
68.630135,684.3863,357.56662,290
69.538155,360.2183,367.20502,291
69.69805,413.6794,364.02667,292
70.042816,663.1195,385.37067,293
71.312416,203.6174,376.54272,294
71.3084,371.462,370.14822,295
70.872116,423.65503,366.84976,296
71.36872,525.77264,363.78622,297
71.0712,664.29584,359.00897,298
76.226875,356.79114,373.28104,299
75.11681,382.3836,462.4513,300
75.88588,520.4718,370.97467,301
76.253,569.1314,371.08716,302
77.13097,632.793,407.38052,303
77.34525,666.22266,370.55704,304
77.599976,384.57327,377.93777,305
77.460884,471.3895,376.55392,306
77.7837,588.1381,376.17798,307
79.06633,437.4332,378.24,308
78.86799,536.04913,374.48755,309
79.46947,340.5439,380.5677,310
80.99126,173.93483,389.30045,311
81.0148,431.38107,381.7212,312
81.18087,550.99005,379.5711,313
82.00721,152.71388,389.75626,314
82.35748,413.63947,384.45096,315
82.711,602.6253,381.43567,316
81.84806,646.8492,376.47888,317
82.41651,135.86578,392.17374,318
82.75249,268.0807,387.2326,319
82.47416,442.5234,459.0711,320
82.72471,474.4498,404.21127,321
83.218765,497.95618,384.17627,322
82.884735,631.4927,378.6892,323
82.92873,702.9992,378.3933,324
84.11286,396.0828,466.97577,325
83.91561,520.31055,382.18604,326
84.08051,665.71533,379.05502,327
85.38238,294.9769,393.4816,328
85.28758,360.14542,389.7245,329
85.0313,463.18036,431.91043,330
85.04123,583.2238,454.36652,331
86.76664,145.89856,397.9424,332
87.141525,195.89603,637.8583,333
86.70831,677.4585,384.36777,334
87.8668,455.65262,388.75287,335
87.94357,461.42978,389.66534,336
86.96434,588.71747,389.56033,337
87.75029,617.1382,385.97525,338
87.8422,625.4284,389.7529,339
88.38201,324.91815,450.12503,340
89.43355,383.2197,393.79422,341
89.95527,436.8628,393.4583,342
90.23861,581.847,393.43182,343
88.85734,653.6818,389.74622,344
91.99893,174.99797,405.99527,345
91.87466,640.50757,401.56982,346
92.82644,440.865,398.86,347
93.83144,573.7088,405.1911,348
93.505905,604.411,398.40607,349
93.668755,472.76968,398.49527,350
94.417595,499.32715,400.7578,351
93.88855,617.4077,401.19626,352
94.46089,693.8922,397.38565,353
94.97041,20.346899,415.6205,354
95.30751,182.78789,669.7086,355
95.311485,184.74352,658.2863,356
95.215706,192.99968,640.243,357
95.276054,516.0889,400.5602,358
95.30346,583.8983,427.64145,359
95.701065,591.8458,402.9291,360
95.47992,425.19962,406.67072,361
97.71638,436.83896,474.813,362
96.34531,448.77603,404.37305,363
96.586685,563.31464,442.7193,364
96.61952,578.54865,441.19244,365
97.66225,529.86835,403.1069,366
99.28879,580.9085,433.23657,367
96.39003,670.57245,403.79562,368
98.443085,200.60739,646.7011,369
99.201645,585.8029,407.16022,370
99.499084,122.99919,420.99722,371
98.682205,197.7892,634.46094,372
99.423096,462.1645,476.29428,373
100.23591,164.95824,646.4192,374
100.29412,494.2263,488.87393,375
100.213196,500.37366,408.40555,376
100.28618,619.43335,410.02148,377
99.963875,653.085,408.00262,378
102.016556,192.36217,681.47766,379
101.676056,532.62225,452.90472,380
101.15074,549.59357,459.63098,381
103.38871,570.39465,445.40958,382
101.91249,578.26984,415.8083,383
101.46897,666.0088,410.58743,384
101.99844,702.98926,407.99377,385
103.317245,318.02658,537.1089,386
103.02487,412.81937,466.92676,387
104.49814,331.99908,557.46924,388
104.26265,432.26703,417.51572,389
104.38224,523.6987,458.20816,390
104.06733,567.1296,417.85846,391
104.06991,684.48505,413.9185,392
105.3653,448.01813,419.06973,393
104.75483,539.7183,502.80875,394
104.54822,579.86725,444.00076,395
106.294,157.30002,582.5235,396
106.439735,181.74509,688.9108,397
107.31377,196.85437,689.46783,398
106.7099,201.89818,621.2042,399
107.03928,328.8027,540.2017,400
107.3233,474.41965,421.58298,401
106.83924,493.31598,483.0438,402
106.99852,512.1917,454.0266,403
108.05705,528.3206,440.57733,404
108.01357,617.964,422.60504,405
109.139626,209.83289,631.0083,406
110.291595,452.77838,464.53967,407
109.14244,456.26712,423.72552,408
108.58291,508.70804,464.59564,409
108.6231,549.6308,484.24835,410
108.479935,579.75415,435.9144,411
108.765625,624.70215,437.297,412
108.90816,651.6652,427.10294,413
110.68596,128.0002,635.28235,414
109.939026,142.29277,581.80115,415
110.18912,445.16217,427.30722,416
109.99002,678.57837,435.91946,417
110.86986,195.89247,698.9867,418
110.87691,378.0631,428.2015,419
110.53938,645.41266,438.41507,420
111.70316,0.0,513.74603,421
111.63466,143.90215,592.3094,422
112.22833,328.87122,531.3971,423
111.82628,387.22668,461.01453,424
111.83219,387.72256,429.17346,425
112.833565,686.78894,445.1425,426
112.40995,691.5944,441.29547,427
112.99903,127.9989,645.99445,428
112.633934,433.58508,459.42505,429
113.39491,462.28537,459.99893,430
113.13516,486.4534,455.8279,431
112.96312,514.967,441.82144,432
113.01513,524.78564,429.3993,433
112.54392,532.338,457.74893,434
112.86884,536.4354,493.31274,435
113.27867,605.26874,435.54187,436
113.6458,592.9232,444.07596,437
113.868805,633.3564,454.5236,438
115.20202,443.606,462.2386,439
114.96332,455.7755,435.13092,440
114.61021,622.745,459.91797,441
115.55781,651.7039,454.48013,442
114.59191,172.0515,587.85095,443
115.70802,239.51837,706.4089,444
116.57573,249.16676,700.40234,445
116.39776,602.22003,464.66006,446
115.88983,631.9777,464.40173,447
116.92287,0.0,507.8231,448
118.00586,192.49023,603.6348,449
116.65331,295.64273,502.438,450
117.631256,618.2691,467.3552,451
117.51268,697.20056,461.0647,452
117.501724,86.25804,453.72498,453
117.849976,161.37474,585.5829,454
117.9389,245.17096,666.9986,455
117.707085,347.844,547.04285,456
118.43567,590.7475,504.87122,457
118.803474,209.13968,628.07666,458
117.79058,216.2901,624.7473,459
119.09624,459.53082,440.8201,460
118.687004,673.94934,474.43784,461
118.25812,677.5384,438.91418,462
119.23842,133.78537,597.8207,463
118.92787,202.49251,608.9118,464
119.698456,354.5112,563.77747,465
119.28507,555.9763,441.48926,466
120.256065,575.2432,459.014,467
119.88485,641.3253,477.7906,468
119.88827,651.73065,472.2253,469
119.551575,686.1883,471.70764,470
121.02318,0.0,525.0544,471
120.58921,358.6514,576.3636,472
120.4964,409.50357,445.47485,473
121.46591,428.93567,449.26913,474
121.08493,597.4956,478.34402,475
120.729485,615.22485,563.56366,476
120.439964,678.61,477.54758,477
122.215744,123.144035,595.01227,478
120.83751,184.66684,597.83545,479
122.05992,241.14738,642.6037,480
121.516335,545.4995,455.24185,481
121.93167,565.1123,509.26437,482
122.482414,609.1093,482.03537,483
122.01416,615.703,487.7769,484
123.617195,173.2948,583.3692,485
123.55814,215.90154,625.97186,486
122.85269,308.06268,505.4875,487
123.18598,332.70053,526.70465,488
123.53202,356.19226,554.0149,489
123.462814,435.96225,450.40408,490
123.111885,585.42316,448.11432,491
122.98602,595.84973,471.9602,492
123.68733,633.8904,491.1449,493
124.376205,662.2205,475.21906,494
123.77841,700.195,481.82718,495
124.99975,581.50476,480.0296,496
124.70937,600.5416,463.59534,497
124.876724,622.07587,494.06412,498
124.22128,650.33203,448.9603,499
124.92152,654.5308,491.4095,500
124.335815,669.0554,447.90103,501
124.26271,146.54822,588.3652,502
125.694046,151.17113,586.6131,503
126.34421,399.05975,456.00446,504
126.42635,559.57733,473.66245,505
126.42604,588.03503,523.08905,506
125.41333,589.73975,535.6723,507
126.30204,638.4466,495.11823,508
128.78795,125.17002,590.82336,509
126.84273,126.127335,580.21844,510
124.92433,161.05084,587.54,511
127.518906,198.99968,606.5491,512
126.99981,578.78345,488.61896,513
126.98307,646.30676,497.632,514
126.47472,689.3024,450.45047,515
127.44589,249.21097,726.1883,516
128.64767,322.82837,512.3019,517
128.13393,358.34708,600.8181,518
127.99899,526.99585,515.9959,519
127.62528,559.5889,483.1567,520
127.99985,574.73944,501.58698,521
128.03127,607.42847,502.1583,522
128.66417,654.27277,501.71835,523
127.41982,657.5687,453.7315,524
128.3279,702.99817,472.3396,525
128.62617,663.4067,502.31268,526
128.26303,678.7998,453.92392,527
129.09572,241.26036,643.844,528
128.97603,246.27007,652.0307,529
127.79693,551.04395,515.0153,530
129.5767,557.281,493.83362,531
130.0097,587.53796,514.33765,532
129.81532,630.1589,506.55484,533
129.99976,634.873,475.63055,534
129.97127,673.7032,483.6052,535
131.37653,76.99887,721.08075,536
131.61508,87.70601,705.15027,537
130.57451,173.83171,593.3805,538
130.02997,601.9058,509.14722,539
130.4191,612.46576,459.20377,540
131.54475,630.8108,459.97424,541
130.39871,651.6477,507.3299,542
131.29742,681.9017,506.98145,543
130.97488,699.6935,456.93524,544
131.77884,579.06165,528.47296,545
131.73428,654.4059,460.29596,546
132.17609,661.57916,512.0504,547
134.56332,123.86591,586.64923,548
133.28635,220.7454,616.3212,549
132.10426,577.6435,470.51318,550
133.75752,629.43994,514.5417,551
133.70284,695.6169,510.07608,552
134.34409,8.651728,497.1791,553
135.07059,75.35508,688.04474,554
133.72081,278.1352,474.82208,555
133.87906,533.87036,494.5935,556
135.19536,546.9081,510.76196,557
134.14386,600.1186,488.57904,558
133.74432,602.56775,520.1839,559
133.34813,618.0937,462.86206,560
133.9934,641.6408,463.0978,561
134.87332,0.0,521.36816,562
134.96503,0.0,543.8103,563
134.99937,99.46841,617.99713,564
135.26051,104.242424,503.6176,565
134.85135,150.28183,588.4367,566
135.47636,167.48343,473.71347,567
135.37306,207.82455,606.2785,568
135.13463,241.69905,638.0609,569
135.36778,647.9508,464.15042,570
134.56274,665.3318,464.59818,571
136.5367,573.6567,515.14087,572
135.62518,585.31116,486.6289,573
136.02898,597.31226,529.44324,574
137.3603,598.7006,467.80942,575
136.31786,673.5107,522.28784,576
136.77396,166.38907,589.14813,577
137.02415,307.02756,502.29575,578
136.31326,562.63,510.75732,579
136.9996,590.9983,519.4573,580
137.51231,606.61835,551.3338,581
137.51297,618.9986,493.99887,582
135.9475,645.8452,518.80554,583
138.5888,655.75836,523.2646,584
136.9834,657.4538,511.02457,585
138.09972,249.51843,482.2604,586
138.06334,374.20285,567.71747,587
137.46466,583.53564,504.4552,588
137.7408,687.8432,477.4002,589
138.99957,47.349285,561.3301,590
138.78395,80.539604,491.9631,591
139.49994,104.59193,604.33014,592
138.5206,197.07793,484.81015,593
139.2073,251.83376,663.8445,594
138.9303,261.78363,694.8088,595
139.31618,319.54614,482.6275,596
139.76077,568.3195,499.12445,597
139.6875,625.8691,526.1473,598
139.61774,639.13007,498.65918,599
138.72963,695.4245,468.0305,600
139.32217,702.9998,481.82297,601
139.82025,216.77347,486.1103,602
140.47882,227.98955,623.36725,603
140.05132,236.77428,485.24347,604
141.05956,251.84839,733.2801,605
139.85571,515.1044,533.3487,606
140.19255,555.4275,507.69507,607
139.66362,586.3976,536.33856,608
140.08127,613.7201,500.23557,609
141.15312,617.5577,529.43744,610
140.22894,659.30493,502.66898,611
140.30092,668.8196,471.64615,612
139.92432,702.99945,492.31085,613
140.93436,125.32758,573.9764,614
140.27138,129.76576,588.5212,615
137.34755,193.68446,599.7614,616
140.51889,518.5095,519.96906,617
141.72705,527.7219,493.0181,618
141.4657,570.4508,506.76596,619
140.32678,648.479,496.9606,620
141.26012,672.72327,529.0293,621
140.6871,699.95044,522.6646,622
141.71564,235.43274,554.0282,623
141.5591,327.80505,515.47675,624
142.46706,552.1745,518.2623,625
142.67336,562.95306,526.13416,626
142.09459,571.9346,548.99835,627
140.71642,628.3821,537.04846,628
142.59857,646.40295,534.5091,629
141.94536,653.30096,474.65375,630
141.65247,673.56055,510.72464,631
142.66968,196.10202,602.37805,632
143.33185,261.5483,697.4506,633
143.64235,585.9086,547.3416,634
142.6808,604.48486,515.15204,635
141.49368,702.8248,471.3008,636
143.74963,509.02853,543.79285,637
143.89981,532.7592,516.1868,638
143.92719,558.37335,483.0583,639
143.79335,631.37354,478.47772,640
144.69374,636.7466,503.61142,641
143.04344,679.6243,531.27985,642
146.02173,196.58748,604.56775,643
145.61223,519.81323,509.66055,644
144.76622,525.2379,544.1942,645
145.75003,587.6763,484.30994,646
143.85799,594.15814,544.86914,647
144.93126,599.82214,499.7339,648
145.7061,602.7572,505.3868,649
144.62604,612.61365,479.16107,650
145.4308,659.69214,482.7196,651
145.27863,661.9927,504.0423,652
146.05363,66.125015,680.112,653
145.18243,374.53436,602.2657,654
146.32202,582.41724,537.54193,655
145.89017,586.12305,513.9071,656
145.24298,595.3744,560.45996,657
145.93661,627.16656,543.61993,658
145.68692,638.95844,481.25677,659
145.66054,681.20825,480.71198,660
146.92928,77.00183,501.51013,661
146.70937,175.32361,592.4535,662
147.33357,187.42087,596.47217,663
147.1291,550.77435,487.96307,664
146.21368,605.37994,545.5136,665
147.07846,606.21216,520.7665,666
147.58601,616.78284,517.3596,667
146.97655,640.2299,546.3224,668
147.021,652.3022,512.50244,669
147.99303,198.2184,498.55817,670
148.18846,215.72261,614.13745,671
147.57356,254.25241,494.57318,672
148.18762,260.0919,554.48346,673
148.34102,309.3347,493.99844,674
148.00722,310.97455,542.7869,675
149.29308,543.36176,528.8733,676
147.5403,579.6402,514.0571,677
148.14189,585.2579,527.0624,678
147.61697,593.4202,521.83374,679
147.41609,595.66504,485.28036,680
147.64105,603.40094,484.68362,681
148.17804,621.03925,485.81668,682
148.37244,636.3219,552.4028,683
148.97429,698.32025,538.18744,684
148.91103,701.76337,485.91885,685
148.87105,165.53343,501.09586,686
149.21468,240.45508,641.3024,687
149.49222,248.91661,656.554,688
148.715,361.93027,540.3195,689
148.70311,380.69424,559.47284,690
148.59958,530.79706,524.17194,691
148.33588,593.14056,509.1611,692
149.05017,646.77686,509.1033,693
149.42627,659.1867,546.3378,694
149.03813,672.2564,486.40253,695
150.75903,253.78409,663.96027,696
150.542,560.3337,514.3192,697
149.6851,578.60693,490.4186,698
150.81024,104.90808,594.6372,699
151.34615,269.40637,499.0673,700
151.88625,598.2713,557.19617,701
151.27382,678.1095,546.1678,702
152.04932,687.66376,546.84985,703
152.33376,250.99922,500.6788,704
152.10004,568.1346,543.88495,705
151.97554,586.2611,492.26944,706
151.94997,613.5327,489.16455,707
152.4232,614.132,552.1447,708
152.74689,647.731,554.3733,709
151.00035,660.5078,489.41708,710
152.20831,682.43805,491.5525,711
153.29309,0.0,528.0954,712
153.37689,123.786194,585.8124,713
151.39331,142.69931,582.2064,714
153.21378,158.03448,579.67377,715
152.02797,180.33243,590.7149,716
153.68765,559.9241,543.63556,717
153.07613,620.98395,527.15466,718
153.36737,632.3883,492.94327,719
153.04655,697.5077,490.50882,720
154.3319,219.69798,506.73126,721
154.50984,242.9521,771.6038,722
153.54504,599.9982,533.9984,723
154.02428,639.76984,533.16675,724
153.95703,701.5846,543.94836,725
154.6331,0.0,518.28156,726
154.80278,33.934174,523.70624,727
154.6001,232.11516,506.1574,728
155.27013,527.4702,532.8944,729
155.28586,573.96185,499.08783,730
155.60002,641.1257,522.2433,731
155.25034,647.9114,536.4873,732
155.9981,71.999115,775.9905,733
156.08652,182.82329,594.78156,734
156.08105,239.53204,776.2657,735
157.06067,261.72382,693.4649,736
155.81319,379.23346,551.1404,737
156.2617,389.3776,580.0553,738
155.92429,486.79962,529.4764,739
155.47528,620.27704,496.56094,740
157.04204,658.1039,558.9147,741
157.98167,145.9495,582.39716,742
156.8291,153.99971,510.58957,743
156.60071,162.1952,586.60846,744
156.89487,169.34395,510.0992,745
157.14986,297.933,506.75278,746
156.99956,512.99854,523.48804,747
157.28358,571.0816,552.604,748
157.25192,584.71423,552.71185,749
156.6494,600.99896,526.72577,750
155.62419,631.472,564.04224,751
157.03542,692.94617,497.8752,752
158.8602,91.46462,604.44305,753
157.41595,163.80452,510.85468,754
157.63054,224.11215,621.2946,755
157.18684,251.17502,661.23016,756
158.09209,595.36694,501.35367,757
157.9996,616.9985,529.47955,758
158.21297,674.9069,500.28745,759
159.32593,264.78583,511.4454,760
159.17982,370.75208,544.1273,761
158.96515,511.78488,535.1345,762
159.6824,529.8715,538.6542,763
160.01103,563.98694,553.1019,764
159.31404,590.35114,547.99915,765
158.6991,615.8531,534.9743,766
158.89769,679.73016,532.38135,767
158.65334,689.88257,556.1984,768
160.56427,47.518967,716.102,769
159.57925,192.6197,600.33905,770
159.82918,213.60014,615.046,771
160.52171,219.17786,783.8665,772
160.58472,518.65704,541.2078,773
159.93251,552.2506,548.8636,774
159.14581,627.04114,503.223,775
158.22035,648.1199,501.03406,776
160.17392,669.525,561.1151,777
160.95686,50.142605,516.4452,778
160.51822,128.20216,582.3147,779
161.2842,231.03212,785.52826,780
160.65283,331.5568,508.72052,781
161.00354,501.2448,541.5397,782
162.63469,568.2679,515.8731,783
161.87561,589.30225,566.1332,784
160.7074,596.9839,541.3761,785
161.11166,621.9664,562.47,786
161.15318,672.3654,513.0429,787
160.41354,687.79443,503.74576,788
161.8921,34.98698,727.1366,789
161.45598,48.789684,694.6239,790
161.8608,213.42596,537.64856,791
161.9984,237.99763,543.99457,792
161.88812,243.10541,514.8235,793
161.91013,248.80739,540.62555,794
162.28773,254.0523,754.034,795
161.80443,257.78934,740.64453,796
162.07135,276.41943,515.01337,797
161.94293,383.07904,607.35364,798
161.74858,536.26587,544.9172,799
161.66414,639.36926,506.26117,800
161.83627,667.74493,525.72406,801
162.0599,673.2492,536.59235,802
161.9461,681.0747,562.4498,803
162.55777,0.0,531.3041,804
160.7374,53.086494,680.8464,805
163.17278,56.47026,668.8174,806
162.1182,123.29221,577.1447,807
162.19838,243.39388,771.1499,808
162.53798,244.80115,652.6812,809
163.21364,261.08383,733.1073,810
163.29327,362.37234,539.5481,811
162.65282,394.82724,590.8666,812
163.69666,494.3564,535.9986,813
163.19543,517.25226,518.2502,814
163.34451,534.2828,518.9988,815
163.42778,542.99176,549.6057,816
161.96347,612.1649,507.62482,817
162.9989,627.9958,537.9964,818
162.57352,640.7004,525.15375,819
162.99892,645.99567,543.99634,820
163.00858,649.11005,519.3156,821
163.1119,654.98413,528.7004,822
162.58714,697.6431,558.3134,823
163.49745,7.894327,528.39,824
163.86766,24.987162,535.47504,825
164.09428,136.5943,524.7842,826
159.53888,205.1996,607.0485,827
164.52205,289.842,559.68085,828
163.44995,392.13974,566.8009,829
163.0729,621.7282,507.95087,830
163.19067,637.7712,570.116,831
164.13927,643.0347,529.3609,832
164.5016,683.69916,547.0843,833
165.3476,135.52826,578.11945,834
164.4048,153.36884,583.13293,835
164.40901,198.2047,598.9919,836
164.22063,362.60678,517.19385,837
165.02824,374.32892,535.9042,838
164.0198,379.06076,587.77136,839
164.3374,464.27142,539.9983,840
163.98543,168.60014,585.6869,841
164.33934,189.74638,596.6283,842
164.85585,262.8837,708.062,843
166.04898,9.505635,535.46387,844
166.99919,16.712927,797.9961,845
166.99982,34.16709,608.176,846
166.99944,42.455704,797.99725,847
166.64922,44.861313,709.8952,848
164.80916,45.13655,733.187,849
164.52979,45.748425,743.31995,850
166.99939,56.967953,797.997,851
166.99992,86.04546,795.59235,852
166.99995,96.859436,796.0844,853
165.9106,99.99687,586.82074,854
166.99992,111.24309,797.0634,855
164.73006,110.33497,558.8422,856
166.99982,127.48374,797.7055,857
166.9998,140.652,797.62976,858
164.68884,148.60449,578.6113,859
166.99992,151.5868,796.9132,860
166.74976,161.29991,523.7767,861
167.00002,162.83266,795.9636,862
166.99997,176.89241,796.0556,863
165.90483,177.0903,590.10535,864
166.99998,189.22878,795.69415,865
166.99997,197.90555,795.7314,866
166.99994,205.15034,796.65594,867
166.99986,210.0427,782.0219,868
166.09332,211.78297,793.54816,869
166.30544,219.67448,794.817,870
165.42868,228.59325,788.1421,871
160.078,233.40773,634.8866,872
166.9999,234.41183,797.7678,873
166.99991,239.16998,585.4142,874
166.99994,242.18039,581.8615,875
165.05663,260.29532,525.5724,876
166.0092,278.21777,522.50464,877
166.9999,355.34485,652.04266,878
166.99995,380.12698,622.78235,879
165.86751,506.36868,563.7908,880
166.27295,519.05927,554.7389,881
165.43344,547.05585,557.181,882
164.39415,552.85425,517.02185,883
165.94872,564.86224,522.43335,884
165.76051,575.2822,568.3226,885
166.99994,578.99744,541.1022,886
166.34366,579.1766,549.5252,887
163.70273,581.63385,513.67804,888
166.86783,580.6569,572.70764,889
166.9129,582.9793,534.8264,890
165.55246,582.93677,522.07825,891
166.99995,583.73224,546.4498,892
166.99998,589.82465,532.91486,893
164.1525,593.75574,513.183,894
167.00002,593.0902,538.3029,895
164.91312,595.88763,573.91425,896
167.00006,599.93585,548.56464,897
165.95332,604.09875,517.80396,898
166.99992,606.56696,537.44055,899
166.99997,606.3394,551.9144,900
166.99988,608.4942,561.3665,901
166.19072,608.9048,521.4982,902
165.85074,609.41455,581.1627,903
166.99985,615.012,546.37225,904
164.55641,615.4661,574.21326,905
166.59183,617.77203,518.0284,906
166.40851,623.85315,520.69666,907
165.67805,621.7507,584.12427,908
166.99998,624.0581,551.27856,909
165.66916,633.5853,517.0245,910
165.79956,634.00586,577.84186,911
166.62508,634.3846,538.7784,912
166.99992,634.96344,547.37646,913
166.29083,648.3405,586.20496,914
166.99992,648.1953,559.3478,915
166.99884,649.05396,797.99445,916
165.35066,649.8296,576.29694,917
166.97356,656.00116,549.5282,918
166.92497,660.14453,586.54767,919
165.18175,663.1422,575.0142,920
165.59868,664.91077,519.3512,921
166.78578,678.4857,577.958,922
164.91707,687.1458,571.2386,923
165.65091,694.61475,518.073,924
166.36949,701.1522,571.7977,925
166.99849,702.99365,627.3645,926
